{
  "amt": {
    "type": "numeric",
    "mean": 70.26539755636048,
    "std": 161.7132943360494,
    "min": 1.0,
    "max": 28948.9,
    "p5": 2.44,
    "p25": 9.63,
    "p50": 47.4,
    "p75": 83.02,
    "p95": 195.95,
    "n_samples": 924850
  },
  "age": {
    "type": "numeric",
    "mean": 45.37525220305996,
    "std": 17.385400827774852,
    "min": 13.0,
    "max": 95.0,
    "p5": 21.0,
    "p25": 32.0,
    "p50": 43.0,
    "p75": 56.0,
    "p95": 79.0,
    "n_samples": 924850
  },
  "city_pop": {
    "type": "numeric",
    "mean": 89144.80085635508,
    "std": 302552.5097792786,
    "min": 23.0,
    "max": 2906700.0,
    "p5": 139.0,
    "p25": 743.0,
    "p50": 2456.0,
    "p75": 20478.0,
    "p95": 525713.0,
    "n_samples": 924850
  },
  "geo_distance_km": {
    "type": "numeric",
    "mean": 76.12562914509854,
    "std": 29.111603307200465,
    "min": 0.0222545156385336,
    "max": 150.83438122916033,
    "p5": 24.742493926975,
    "p25": 55.356935987765894,
    "p50": 78.23756755217124,
    "p75": 98.51167754992164,
    "p95": 120.49584588360457,
    "n_samples": 924850
  },
  "geo_distance_log": {
    "type": "numeric",
    "mean": 4.2453766565012065,
    "std": 0.5044036250015546,
    "min": 0.0220104976052999,
    "max": 5.022790329627146,
    "p5": 3.2481430866264818,
    "p25": 4.031705320534088,
    "p50": 4.3724505241376175,
    "p75": 4.6002749995887315,
    "p95": 4.799880071937406,
    "n_samples": 924850
  },
  "time_since_last_tx": {
    "type": "numeric",
    "mean": 30881.431712169542,
    "std": 45306.1316894613,
    "min": 0.0,
    "max": 1060731.0,
    "p5": 909.0,
    "p25": 5669.0,
    "p50": 15657.0,
    "p75": 38075.0,
    "p95": 108463.09999999986,
    "n_samples": 924850
  },
  "tx_count_1h": {
    "type": "numeric",
    "mean": 1.1999881061793805,
    "std": 0.47522316285725075,
    "min": 1.0,
    "max": 7.0,
    "p5": 1.0,
    "p25": 1.0,
    "p50": 1.0,
    "p75": 1.0,
    "p95": 2.0,
    "n_samples": 924850
  },
  "amt_sum_24h": {
    "type": "numeric",
    "mean": 359.75147895334385,
    "std": 479.33601832619706,
    "min": 1.0,
    "max": 29809.300000000003,
    "p5": 26.74,
    "p25": 125.74,
    "p50": 245.89,
    "p75": 440.7600000000001,
    "p95": 1015.07,
    "n_samples": 924850
  },
  "amt_mean_hist": {
    "type": "numeric",
    "mean": 70.4670465865676,
    "std": 22.388339049665092,
    "min": 1.03,
    "max": 1433.54,
    "p5": 48.25099313467719,
    "p25": 57.41510481115523,
    "p50": 65.01920427882422,
    "p75": 84.08667339910647,
    "p95": 99.25847119464693,
    "n_samples": 924850
  },
  "amt_vs_mean": {
    "type": "numeric",
    "mean": 0.9983952966513262,
    "std": 2.103898022141273,
    "min": 0.0036045898763133,
    "max": 351.2590418840353,
    "p5": 0.037831837315789776,
    "p25": 0.15885739942530946,
    "p50": 0.6671868118134295,
    "p75": 1.2053494368858901,
    "p95": 2.6785018824264104,
    "n_samples": 924850
  },
  "hour": {
    "type": "numeric",
    "mean": 12.80836243715197,
    "std": 6.817048084832513,
    "min": 0.0,
    "max": 23.0,
    "p5": 1.0,
    "p25": 7.0,
    "p50": 14.0,
    "p75": 19.0,
    "p95": 23.0,
    "n_samples": 924850
  },
  "day_of_week": {
    "type": "numeric",
    "mean": 3.1440687679083092,
    "std": 2.198875694869093,
    "min": 0.0,
    "max": 6.0,
    "p5": 0.0,
    "p25": 1.0,
    "p50": 3.0,
    "p75": 5.0,
    "p95": 6.0,
    "n_samples": 924850
  },
  "month": {
    "type": "numeric",
    "mean": 7.149562631778126,
    "std": 3.430321096546859,
    "min": 1.0,
    "max": 12.0,
    "p5": 1.0,
    "p25": 4.0,
    "p50": 7.0,
    "p75": 10.0,
    "p95": 12.0,
    "n_samples": 924850
  },
  "is_weekend": {
    "type": "numeric",
    "mean": 0.36452289560469264,
    "std": 0.4812961190209858,
    "min": 0.0,
    "max": 1.0,
    "p5": 0.0,
    "p25": 0.0,
    "p50": 0.0,
    "p75": 1.0,
    "p95": 1.0,
    "n_samples": 924850
  },
  "is_night": {
    "type": "numeric",
    "mean": 0.1639292858301346,
    "std": 0.3702113924197317,
    "min": 0.0,
    "max": 1.0,
    "p5": 0.0,
    "p25": 0.0,
    "p50": 0.0,
    "p75": 0.0,
    "p95": 1.0,
    "n_samples": 924850
  },
  "is_online": {
    "type": "numeric",
    "mean": 0.1588517056820025,
    "std": 0.36553774262573907,
    "min": 0.0,
    "max": 1.0,
    "p5": 0.0,
    "p25": 0.0,
    "p50": 0.0,
    "p75": 0.0,
    "p95": 1.0,
    "n_samples": 924850
  },
  "is_pos": {
    "type": "numeric",
    "mean": 0.24650159485321943,
    "std": 0.4309739650930654,
    "min": 0.0,
    "max": 1.0,
    "p5": 0.0,
    "p25": 0.0,
    "p50": 0.0,
    "p75": 0.0,
    "p95": 1.0,
    "n_samples": 924850
  },
  "category": {
    "type": "categorical",
    "value_counts": {
      "gas_transport": 0.10148564632102502,
      "grocery_pos": 0.09503487051954371,
      "home": 0.09498729523706546,
      "shopping_pos": 0.08996594042277126,
      "kids_pets": 0.08719684273125372,
      "shopping_net": 0.0752057090338974,
      "entertainment": 0.07254906201005569,
      "food_dining": 0.07078012650700113,
      "personal_care": 0.07019841055306265,
      "health_fitness": 0.066080986105855,
      "misc_pos": 0.06150078391090447,
      "misc_net": 0.048699789154998105,
      "grocery_net": 0.03494620749310699,
      "travel": 0.03136832999945937
    },
    "n_unique": 14
  },
  "gender": {
    "type": "categorical",
    "value_counts": {
      "F": 0.547242255500892,
      "M": 0.45275774449910794
    },
    "n_unique": 2
  },
  "ae_anomaly_score": {
    "type": "numeric",
    "mean": 0.8552572809669811,
    "std": 7.0730002593430115,
    "min": 0.0201109368496243,
    "max": 2655.6207932114557,
    "p5": 0.08657601273377419,
    "p25": 0.1528473721010175,
    "p50": 0.2327470787458027,
    "p75": 0.4042771673746699,
    "p95": 2.5983971699566584,
    "n_samples": 924850
  }
}